id_hidden,importance_rank_hidden,mineraloccurrencedbk_hidden,inspireid,name,country,Tipo de presencia,deposit_group,deposit_type,inspire_commodity,crm_2023,element,commodity_importance,commodity_group,mine_status,mining_activity_types,has_oremeasures,endownment,reserves,resources,unfc,totalproduction,original_geometry_type,longitude,latitude,srid,valid_geometry,crm_2023_importance
90340126962,0,903401126757,151005,LA CUBETA,Spain,Depósito mineral,,,tantalum,Tantalio,Ta,Not specified,special and rare metals,no mine,,no,,,,,,ST_Point,-8.933741,42.661111,4326,true,tantalum - Not specified
90340131052,0,903401129663,727015,Grupo Minero Tres Arroyos,Spain,Depósito mineral,,,tantalum,Tantalio,Ta,Not specified,special and rare metals,no mine,,no,,,,,,ST_Point,-7.083376,39.25329,4326,true,tantalum - Not specified
90340130468,0,903401129298,622002,Mina Las Navas,Spain,Depósito mineral,,,tantalum,Tantalio,Ta,Not specified,special and rare metals,no mine,,no,,,,,,ST_Point,-6.37247,39.838487,4326,true,tantalum - Not specified
90340126988,0,903401126769,153005,MONTE CANDAN,Spain,Depósito mineral,,,tantalum,Tantalio,Ta,Not specified,special and rare metals,no mine,,no,,,,,,ST_Point,-8.270062,42.601166,4326,true,tantalum - Not specified
90340126974,0,903401126760,151008,XENIÑA,Spain,Depósito mineral,,,tantalum,Tantalio,Ta,Not specified,special and rare metals,no mine,,no,,,,,,ST_Point,-8.908736,42.65479,4326,true,tantalum - Not specified
90340127296,0,903401126991,184001,LA LANZADA,Spain,Depósito mineral,,,tantalum,Tantalio,Ta,Not specified,special and rare metals,no mine,,no,,,,,,ST_Point,-8.869563,42.426457,4326,true,tantalum - Not specified
90340127029,0,903401126783,153019,CEBRAL,Spain,Depósito mineral,,,tantalum,Tantalio,Ta,Not specified,special and rare metals,no mine,,no,,,,,,ST_Point,-8.201011,42.519654,4326,true,tantalum - Not specified
90340127299,0,903401126992,184002,BOLICHE,Spain,Depósito mineral,,,tantalum,Tantalio,Ta,Not specified,special and rare metals,no mine,,no,,,,,,ST_Point,-8.85683,42.412933,4326,true,tantalum - Not specified
90340127924,0,903401127457,299005,MINA DE GOYAN,Spain,Depósito mineral,,,tantalum,Tantalio,Ta,Not specified,special and rare metals,no mine,,no,,,,,,ST_Point,-8.79995,41.953436,4326,true,tantalum - Not specified
90340127345,0,903401127013,186013,BIOCO,Spain,Depósito mineral,,,tantalum,Tantalio,Ta,Not specified,special and rare metals,no mine,,no,,,,,,ST_Point,-8.345579,42.490403,4326,true,tantalum - Not specified
90340130765,0,903401129500,704007,Mina San Expedito (El Trasquilón),Spain,Depósito mineral,,,tantalum,Tantalio,Ta,Not specified,special and rare metals,no mine,,no,,,,,,ST_Point,-6.370001,39.396109,4326,true,tantalum - Not specified
90340128016,0,903401127502,303021,OLGAS,Spain,Depósito mineral,,,tantalum,Tantalio,Ta,Not specified,special and rare metals,no mine,,no,,,,,,ST_Point,-7.368502,41.853386,4326,true,tantalum - Not specified
90340127349,0,903401127014,186014,CAMPANARIO,Spain,Depósito mineral,,,tantalum,Tantalio,Ta,Not specified,special and rare metals,no mine,,no,,,,,,ST_Point,-8.342009,42.482727,4326,true,tantalum - Not specified
90340131004,0,903401129626,726006,La Casualidad 2ª-El Barrerón-,Spain,Depósito mineral,,,tantalum,Tantalio,Ta,Not specified,special and rare metals,no mine,,no,,,,,,ST_Point,-7.206248,39.320121,4326,true,tantalum - Not specified
90340127353,0,903401127015,186015,PARGA,Spain,Depósito mineral,,,tantalum,Tantalio,Ta,Not specified,special and rare metals,no mine,,no,,,,,,ST_Point,-8.335993,42.476389,4326,true,tantalum - Not specified
90340127357,0,903401127017,186017,LA SERRA,Spain,Depósito mineral,,,tantalum,Tantalio,Ta,Not specified,special and rare metals,no mine,,no,,,,,,ST_Point,-8.326391,42.464175,4326,true,tantalum - Not specified
90340127011,0,903401126777,153013,COSTA DO MEDIO,Spain,Depósito mineral,,,tantalum,Tantalio,Ta,Not specified,special and rare metals,no mine,,no,,,,,,ST_Point,-8.216831,42.568845,4326,true,tantalum - Not specified
9034013597,0,903401122030,228001,,Spain,Presencia,,,tantalum,Tantalio,Ta,Not specified,special and rare metals,no mine,,no,,,,,,ST_Point,-7.01557,42.1838,4326,true,tantalum - Not specified
90340126605,0,903401126456,119009,COTO DO CORSO,Spain,Depósito mineral,,,tantalum,Tantalio,Ta,Not specified,special and rare metals,no mine,,no,,,,,,ST_Point,-8.873124,42.768225,4326,true,tantalum - Not specified
90340128479,0,903401127862,395005,Pinilla 1,Spain,Depósito mineral,,,lithium,lithium,Li,Not specified,special and rare metals,no mine,,no,,,,,,ST_Point,-6.376585,41.377939,4326,true,lithium - Not specified
90340129103,0,903401128275,450003,,Spain,Depósito mineral,,,lithium,lithium,Li,Not specified,special and rare metals,no mine,,no,,,,,,ST_Point,-6.515151,41.050921,4326,true,lithium - Not specified
90340129589,0,903401128639,500011,"Mina ""Aurora"" (Grupo minero Aurora).",Spain,Depósito mineral,,,lithium,lithium,Li,Not specified,special and rare metals,no mine,,no,,,,,,ST_Point,-6.746766,40.677826,4326,true,lithium - Not specified
90340129388,0,903401128480,477006,Mina Julita,Spain,Depósito mineral,,,lithium,lithium,Li,Not specified,special and rare metals,no mine,,no,,,,,,ST_Point,-6.109168,40.866714,4326,true,lithium - Not specified
90340129391,0,903401128481,477007,,Spain,Depósito mineral,,,lithium,lithium,Li,Not specified,special and rare metals,no mine,,no,,,,,,ST_Point,-6.094627,40.846534,4326,true,lithium - Not specified
90340130466,0,903401129298,622002,Mina Las Navas,Spain,Depósito mineral,,,lithium,lithium,Li,Not specified,special and rare metals,no mine,,no,,,,,,ST_Point,-6.37247,39.838487,4326,true,lithium - Not specified
90340131040,0,903401129656,727008,Mantecona I,Spain,Depósito mineral,,,lithium,lithium,Li,Not specified,special and rare metals,no mine,,no,,,,,,ST_Point,-7.098734,39.263903,4326,true,lithium - Not specified
90340129585,0,903401128636,500008,Mina de la Sierra,Spain,Depósito mineral,,,lithium,lithium,Li,Not specified,special and rare metals,no mine,,no,,,,,,ST_Point,-6.785546,40.685783,4326,true,lithium - Not specified
90340131050,0,903401129663,727015,Grupo Minero Tres Arroyos,Spain,Depósito mineral,,,lithium,lithium,Li,Not specified,special and rare metals,no mine,,no,,,,,,ST_Point,-7.083376,39.25329,4326,true,lithium - Not specified
90340129008,0,903401128206,448004,MINA DEL CARMEN o EL POZO,Spain,Depósito mineral,,,lithium,lithium,Li,Not specified,special and rare metals,no mine,,no,,,,,,ST_Point,-6.872635,41.015746,4326,true,lithium - Not specified
90340131043,0,903401129658,727010,Mantecona II,Spain,Depósito mineral,,,lithium,lithium,Li,Not specified,special and rare metals,no mine,,no,,,,,,ST_Point,-7.093606,39.260666,4326,true,lithium - Not specified
90340129125,0,903401128292,450020,,Spain,Depósito mineral,,,lithium,lithium,Li,Not specified,special and rare metals,no mine,,no,,,,,,ST_Point,-6.515151,41.050921,4326,true,lithium - Not specified
90340128480,0,903401127863,395006,,Spain,Depósito mineral,,,lithium,lithium,Li,Not specified,special and rare metals,no mine,,no,,,,,,ST_Point,-6.372856,41.381457,4326,true,lithium - Not specified
90340114343,0,903401123329,303009,,Spain,Presencia,,,lithium,lithium,Li,Not specified,special and rare metals,no mine,,no,,,,,,ST_Point,-7.47683,41.9855,4326,true,lithium - Not specified
90340130769,0,903401129502,704009,Mina San José (Valdeflórez),Spain,Depósito mineral,,,lithium,lithium,Li,Not specified,special and rare metals,no mine,,no,,,,,,ST_Point,-6.336835,39.459046,4326,true,lithium - Not specified
90340131407,0,903401129891,806004,Fuente del Rayo/ La Esperanza,Spain,Depósito mineral,,,bismuth,bismuth,Bi,Not specified,special and rare metals,no mine,,no,,,,,,ST_Point,-5.506252,38.762389,4326,true,bismuth - Not specified
90340131369,0,903401129871,805014,Las Tejoneras. Mina Amparo.,Spain,Depósito mineral,,,bismuth,bismuth,Bi,Not specified,special and rare metals,no mine,,no,,,,,,ST_Point,-5.617784,38.703182,4326,true,bismuth - Not specified
90340131350,0,903401129856,804009,Grupo Minero San Nicolás,Spain,Depósito mineral,,,bismuth,bismuth,Bi,Not specified,special and rare metals,no mine,,no,,,,,,ST_Point,-5.860586,38.673617,4326,true,bismuth - Not specified
90340133318,0,903401131164,881003,Mina Lolita,Spain,Depósito mineral,,,bismuth,bismuth,Bi,Not specified,special and rare metals,no mine,,no,,,,,,ST_Point,-4.804769,38.277313,4326,true,bismuth - Not specified
90340133317,0,903401131163,881002,La Loma,Spain,Depósito mineral,,,bismuth,bismuth,Bi,Not specified,special and rare metals,no mine,,no,,,,,,ST_Point,-4.815638,38.285913,4326,true,bismuth - Not specified
90340133314,0,903401131162,881001,Mina Luisito,Spain,Depósito mineral,,,bismuth,bismuth,Bi,Not specified,special and rare metals,no mine,,no,,,,,,ST_Point,-4.853832,38.304654,4326,true,bismuth - Not specified
90340133309,0,903401131158,880029,Hermanos Yun o Góngora,Spain,Depósito mineral,,,bismuth,bismuth,Bi,Not specified,special and rare metals,no mine,,no,,,,,,ST_Point,-4.865757,38.315711,4326,true,bismuth - Not specified
90340133304,0,903401131154,880025,Las Serrezuelas,Spain,Depósito mineral,,,bismuth,bismuth,Bi,Not specified,special and rare metals,no mine,,no,,,,,,ST_Point,-4.868032,38.325461,4326,true,bismuth - Not specified
90340133303,0,903401131153,880024,Mina La Perdiz o San Antonio,Spain,Depósito mineral,,,bismuth,bismuth,Bi,Not specified,special and rare metals,no mine,,no,,,,,,ST_Point,-4.868649,38.320531,4326,true,bismuth - Not specified
90340128964,0,903401128178,445075,Minas del Mas del Mestre.,Spain,Depósito mineral,,,bismuth,bismuth,Bi,Not specified,special and rare metals,no mine,,no,,,,,,ST_Point,0.913128,41.195833,4326,true,bismuth - Not specified
90340129254,0,903401128392,471023,,Spain,Depósito mineral,,,bismuth,bismuth,Bi,Not specified,special and rare metals,no mine,,no,,,,,,ST_Point,0.776929,41.132936,4326,true,bismuth - Not specified
90340128612,0,903401127949,417033,Carretera de Vilanova de Prades a Prades.,Spain,Depósito mineral,,,bismuth,bismuth,Bi,Not specified,special and rare metals,no mine,,no,,,,,,ST_Point,0.966937,41.344962,4326,true,bismuth - Not specified
90340132784,0,903401130818,874016,Valcabado (El Coto),Spain,Depósito mineral,,,bismuth,bismuth,Bi,Not specified,special and rare metals,no mine,,no,,,,,,ST_Point,-6.8874,38.279029,4326,true,bismuth - Not specified
90340132783,0,903401130817,874015,Virgen de Gracia,Spain,Depósito mineral,,,bismuth,bismuth,Bi,Not specified,special and rare metals,no mine,,no,,,,,,ST_Point,-6.929511,38.290756,4326,true,bismuth - Not specified
90340132778,0,903401130813,874011,Mari Juli o Los Maseros,Spain,Depósito mineral,,,bismuth,bismuth,Bi,Not specified,special and rare metals,no mine,,no,,,,,,ST_Point,-6.946283,38.281896,4326,true,bismuth - Not specified
90340132775,0,903401130811,874009,Concha Tolín,Spain,Depósito mineral,,,bismuth,bismuth,Bi,Not specified,special and rare metals,no mine,,no,,,,,,ST_Point,-6.957786,38.300551,4326,true,bismuth - Not specified
90340134110,0,903401131771,900020,LA PATUDA,Spain,Depósito mineral,,,bismuth,bismuth,Bi,Not specified,special and rare metals,no mine,,no,,,,,,ST_Point,-5.425332,38.142003,4326,true,bismuth - Not specified
90340133357,0,903401131201,881040,,Spain,Depósito mineral,,,bismuth,bismuth,Bi,Not specified,special and rare metals,no mine,,no,,,,,,ST_Point,-4.752395,38.236627,4326,true,bismuth - Not specified
90340133344,0,903401131188,881027,Camino de la Raya de la Pizarra IV,Spain,Depósito mineral,,,bismuth,bismuth,Bi,Not specified,special and rare metals,no mine,,no,,,,,,ST_Point,-4.674859,38.232009,4326,true,bismuth - Not specified
90340133343,0,903401131187,881026,Camino de la Raya de la Pizarra III,Spain,Depósito mineral,,,bismuth,bismuth,Bi,Not specified,special and rare metals,no mine,,no,,,,,,ST_Point,-4.670968,38.228226,4326,true,bismuth - Not specified
90340133342,0,903401131186,881025,Camino de la Raya de la Pizarra II,Spain,Depósito mineral,,,bismuth,bismuth,Bi,Not specified,special and rare metals,no mine,,no,,,,,,ST_Point,-4.673451,38.230903,4326,true,bismuth - Not specified
90340133341,0,903401131185,881024,camino de la Raya de la Pizarra,Spain,Depósito mineral,,,bismuth,bismuth,Bi,Not specified,special and rare metals,no mine,,no,,,,,,ST_Point,-4.671404,38.23031,4326,true,bismuth - Not specified
90340133340,0,903401131184,881023,,Spain,Depósito mineral,,,bismuth,bismuth,Bi,Not specified,special and rare metals,no mine,,no,,,,,,ST_Point,-4.662046,38.225757,4326,true,bismuth - Not specified
90340133337,0,903401131182,881021,,Spain,Depósito mineral,,,bismuth,bismuth,Bi,Not specified,special and rare metals,no mine,,no,,,,,,ST_Point,-4.686646,38.246728,4326,true,bismuth - Not specified
90340133336,0,903401131181,881020,El Rongil,Spain,Depósito mineral,,,bismuth,bismuth,Bi,Not specified,special and rare metals,no mine,,no,,,,,,ST_Point,-4.707901,38.240409,4326,true,bismuth - Not specified
90340137239,0,903401133955,1012019,MINA HERNAN CORTES (Grupo EL TESORERO),Spain,Depósito mineral,,,bismuth,bismuth,Bi,Not specified,special and rare metals,no mine,,no,,,,,,ST_Point,-2.727131,37.286499,4326,true,bismuth - Not specified
90340134793,0,903401132278,918026,Extremeña,Spain,Depósito mineral,,,bismuth,bismuth,Bi,Not specified,special and rare metals,no mine,,no,,,,,,ST_Point,-6.279547,37.977034,4326,true,bismuth - Not specified
90340133335,0,903401131180,881019,,Spain,Depósito mineral,,,bismuth,bismuth,Bi,Not specified,special and rare metals,no mine,,no,,,,,,ST_Point,-4.685893,38.241322,4326,true,bismuth - Not specified
90340134789,0,903401132277,918025,California,Spain,Depósito mineral,,,bismuth,bismuth,Bi,Not specified,special and rare metals,no mine,,no,,,,,,ST_Point,-6.286071,37.976068,4326,true,bismuth - Not specified
90340133332,0,903401131177,881016,,Spain,Depósito mineral,,,bismuth,bismuth,Bi,Not specified,special and rare metals,no mine,,no,,,,,,ST_Point,-4.691494,38.247838,4326,true,bismuth - Not specified
90340133322,0,903401131167,881006,Rozas Viejas,Spain,Depósito mineral,,,bismuth,bismuth,Bi,Not specified,special and rare metals,no mine,,no,,,,,,ST_Point,-4.806943,38.278289,4326,true,bismuth - Not specified
90340129772,0,903401128775,509016,,Spain,Depósito mineral,,,beryllium,beryllium,Be,Not specified,special and rare metals,no mine,,no,,,,,,ST_Point,-3.74213,40.740731,4326,true,beryllium - Not specified
90340129340,0,903401128444,475005,Cuesta del Reventón,Spain,Depósito mineral,,,beryllium,beryllium,Be,Not specified,special and rare metals,no mine,,no,,,,,,ST_Point,-6.654725,40.990348,4326,true,beryllium - Not specified
90340129389,0,903401128481,477007,,Spain,Depósito mineral,,,beryllium,beryllium,Be,Not specified,special and rare metals,no mine,,no,,,,,,ST_Point,-6.094627,40.846534,4326,true,beryllium - Not specified
90340129942,0,903401128914,533014,,Spain,Depósito mineral,,,beryllium,beryllium,Be,Not specified,special and rare metals,no mine,,no,,,,,,ST_Point,-4.081214,40.652473,4326,true,beryllium - Not specified
90340129101,0,903401128275,450003,,Spain,Depósito mineral,,,beryllium,beryllium,Be,Not specified,special and rare metals,no mine,,no,,,,,,ST_Point,-6.515151,41.050921,4326,true,beryllium - Not specified
90340130394,0,903401129238,598001,Mina Alba II,Spain,Depósito mineral,,,beryllium,beryllium,Be,Not specified,special and rare metals,no mine,,no,,,,,,ST_Point,-6.087508,40.125465,4326,true,beryllium - Not specified
90340129124,0,903401128292,450020,,Spain,Depósito mineral,,,beryllium,beryllium,Be,Not specified,special and rare metals,no mine,,no,,,,,,ST_Point,-6.515151,41.050921,4326,true,beryllium - Not specified
90340128739,0,903401128038,423004,RIBERA DE LA CABEZA,Spain,Depósito mineral,,,beryllium,beryllium,Be,Not specified,special and rare metals,no mine,,no,,,,,,ST_Point,-6.492665,41.213457,4326,true,beryllium - Not specified
90340126971,0,903401126760,151008,XENIÑA,Spain,Depósito mineral,,,beryllium,beryllium,Be,Not specified,special and rare metals,no mine,,no,,,,,,ST_Point,-8.908736,42.65479,4326,true,beryllium - Not specified
90340126959,0,903401126757,151005,LA CUBETA,Spain,Depósito mineral,,,beryllium,beryllium,Be,Not specified,special and rare metals,no mine,,no,,,,,,ST_Point,-8.933741,42.661111,4326,true,beryllium - Not specified
90340131218,0,903401129773,756011,Dehesilla de los Caballeros,Spain,Depósito mineral,,,antimony,antimony,Sb,Not specified,special and rare metals,no mine,,no,,,,,,ST_Point,-5.165654,39.044458,4326,true,antimony - Not specified
90340125521,0,903401125684,80010,MINA DEL BENDALAR,Spain,Depósito mineral,,,antimony,antimony,Sb,Not specified,special and rare metals,no mine,,no,,,,,,ST_Point,-5.040908,43.013283,4326,true,antimony - Not specified
90340126336,0,903401126265,105030,BECERRERA,Spain,Depósito mineral,,,antimony,antimony,Sb,Not specified,special and rare metals,no mine,,no,,,,,,ST_Point,-4.900976,42.928257,4326,true,antimony - Not specified
90340126334,0,903401126263,105028,MINA DE LA MELENDROSA,Spain,Depósito mineral,,,antimony,antimony,Sb,Not specified,special and rare metals,no mine,,no,,,,,,ST_Point,-4.900647,42.965362,4326,true,antimony - Not specified
90340130743,0,903401129484,702003,La Covacha,Spain,Depósito mineral,,,antimony,antimony,Sb,Not specified,special and rare metals,no mine,,no,,,,,,ST_Point,-6.969886,39.350923,4326,true,antimony - Not specified
90340130798,0,903401129526,705002,Pozo Palacios -3-,Spain,Depósito mineral,,,antimony,antimony,Sb,Not specified,special and rare metals,no mine,,no,,,,,,ST_Point,-6.088951,39.375447,4326,true,antimony - Not specified
90340130897,0,903401129552,705028,La Serafina -pozo-chimenea -26-,Spain,Depósito mineral,,,antimony,antimony,Sb,Not specified,special and rare metals,no mine,,no,,,,,,ST_Point,-6.06219,39.459903,4326,true,antimony - Not specified
90340130742,0,903401129483,702002,Mina Mari Pepa (Las Costeras),Spain,Depósito mineral,,,antimony,antimony,Sb,Not specified,special and rare metals,no mine,,no,,,,,,ST_Point,-7.098252,39.388682,4326,true,antimony - Not specified
90340125518,0,903401125683,80009,MINA DE USECA,Spain,Depósito mineral,,,antimony,antimony,Sb,Not specified,special and rare metals,no mine,,no,,,,,,ST_Point,-5.034392,43.016641,4326,true,antimony - Not specified
90340130799,0,903401129527,705003,Casa Blanca pozo-casa -19-,Spain,Depósito mineral,,,antimony,antimony,Sb,Not specified,special and rare metals,no mine,,no,,,,,,ST_Point,-6.084451,39.422178,4326,true,antimony - Not specified
90340125515,0,903401125682,80008,MINA DE BURON,Spain,Depósito mineral,,,antimony,antimony,Sb,Not specified,special and rare metals,no mine,,no,,,,,,ST_Point,-5.047357,43.015329,4326,true,antimony - Not specified
90340125514,0,903401125681,80007,MINA BURON III,Spain,Depósito mineral,,,antimony,antimony,Sb,Not specified,special and rare metals,no mine,,no,,,,,,ST_Point,-5.038947,43.024484,4326,true,antimony - Not specified
90340130726,0,903401129470,683001,Perpetuo Socorro,Spain,Depósito mineral,,,antimony,antimony,Sb,Not specified,special and rare metals,no mine,,no,,,,,,ST_Point,-4.851647,39.521358,4326,true,antimony - Not specified
90340130715,0,903401129460,682007,Pocholo y Carmen,Spain,Depósito mineral,,,antimony,antimony,Sb,Not specified,special and rare metals,no mine,,no,,,,,,ST_Point,-4.864723,39.510067,4326,true,antimony - Not specified
90340132731,0,903401130770,863024,Mina Chica de Nazarena,Spain,Depósito mineral,,,antimony,antimony,Sb,Not specified,special and rare metals,no mine,,no,,,,,,ST_Point,-3.493246,38.479256,4326,true,antimony - Not specified
90340130694,0,903401129449,681010,Mina Las Hambrientas,Spain,Depósito mineral,,,antimony,antimony,Sb,Not specified,special and rare metals,no mine,,no,,,,,,ST_Point,-5.436439,39.501481,4326,true,antimony - Not specified
90340132701,0,903401130744,862029,Minas de Jesucristo,Spain,Depósito mineral,,,antimony,antimony,Sb,Not specified,special and rare metals,no mine,,no,,,,,,ST_Point,-3.573242,38.484399,4326,true,antimony - Not specified
90340125524,0,903401125685,80011,EL VALLEJO,Spain,Depósito mineral,,,antimony,antimony,Sb,Not specified,special and rare metals,no mine,,no,,,,,,ST_Point,-5.014614,43.000962,4326,true,antimony - Not specified
90340132649,0,903401130706,861064,,Spain,Depósito mineral,,,antimony,antimony,Sb,Not specified,special and rare metals,no mine,,no,,,,,,ST_Point,-4.147884,38.445151,4326,true,antimony - Not specified
90340133266,0,903401131131,880002,Mina Pepín,Spain,Depósito mineral,,,antimony,antimony,Sb,Not specified,special and rare metals,no mine,,no,,,,,,ST_Point,-5.058387,38.176303,4326,true,antimony - Not specified
90340125512,0,903401125680,80006,BURON,Spain,Depósito mineral,,,antimony,antimony,Sb,Not specified,special and rare metals,no mine,,no,,,,,,ST_Point,-5.063381,43.028458,4326,true,antimony - Not specified
90340125510,0,903401125679,80005,MINA DE LIEGOS,Spain,Depósito mineral,,,antimony,antimony,Sb,Not specified,special and rare metals,no mine,,no,,,,,,ST_Point,-5.069213,43.048613,4326,true,antimony - Not specified
90340125476,0,903401125652,79001,MINA DEL TORAZAL,Spain,Depósito mineral,,,antimony,antimony,Sb,Not specified,special and rare metals,no mine,,no,,,,,,ST_Point,-5.2155,43.057039,4326,true,antimony - Not specified
90340133278,0,903401131136,880007,Cortijo Varguillas,Spain,Depósito mineral,,,antimony,antimony,Sb,Not specified,special and rare metals,no mine,,no,,,,,,ST_Point,-5.141694,38.194953,4326,true,antimony - Not specified
90340130662,0,903401129431,680009,Mina del Aguijoncillo,Spain,Depósito mineral,,,antimony,antimony,Sb,Not specified,special and rare metals,no mine,,no,,,,,,ST_Point,-5.579042,39.500512,4326,true,antimony - Not specified
90340131035,0,903401129653,727005,Cañada del Borrego (La Codosera),Spain,Depósito mineral,,,antimony,antimony,Sb,Not specified,special and rare metals,no mine,,no,,,,,,ST_Point,-7.149086,39.200293,4326,true,antimony - Not specified
90340126329,0,903401126260,105025,RIMIELFO,Spain,Depósito mineral,,,antimony,antimony,Sb,Not specified,special and rare metals,no mine,,no,,,,,,ST_Point,-4.952378,42.937837,4326,true,antimony - Not specified
90340131037,0,903401129654,727006,Santa Aurelia (Pozo  Oeste),Spain,Depósito mineral,,,antimony,antimony,Sb,Not specified,special and rare metals,no mine,,no,,,,,,ST_Point,-7.122375,39.268342,4326,true,antimony - Not specified
90340130806,0,903401129528,705004,Casa Blanca trinchera -20-,Spain,Depósito mineral,,,antimony,antimony,Sb,Not specified,special and rare metals,no mine,,no,,,,,,ST_Point,-6.085742,39.419057,4326,true,antimony - Not specified
90340130807,0,903401129529,705005,La Liebre -21-,Spain,Depósito mineral,,,antimony,antimony,Sb,Not specified,special and rare metals,no mine,,no,,,,,,ST_Point,-6.064828,39.391596,4326,true,antimony - Not specified
90340125525,0,903401125686,80012,CAMPRIONDO,Spain,Depósito mineral,,,antimony,antimony,Sb,Not specified,special and rare metals,no mine,,no,,,,,,ST_Point,-5.01008,43.001132,4326,true,antimony - Not specified
90340125528,0,903401125687,80013,MINAS RITER Y SAN VICENTE,Spain,Depósito mineral,,,antimony,antimony,Sb,Not specified,special and rare metals,no mine,,no,,,,,,ST_Point,-5.180337,43.055824,4326,true,antimony - Not specified
90340138261,0,903401134661,1045034,MINA DE LA PLATA o MINA CASUALIDAD,Spain,Depósito mineral,,,antimony,antimony,Sb,Not specified,special and rare metals,no mine,,no,,,,,,ST_Point,-2.395792,36.962565,4326,true,antimony - Not specified
90340130814,0,903401129531,705007,Rincón norte -1-,Spain,Depósito mineral,,,antimony,antimony,Sb,Not specified,special and rare metals,no mine,,no,,,,,,ST_Point,-6.105492,39.362797,4326,true,antimony - Not specified
90340125530,0,903401125688,80014,PEÑALBA,Spain,Depósito mineral,,,antimony,antimony,Sb,Not specified,special and rare metals,no mine,,no,,,,,,ST_Point,-4.892869,43.015557,4326,true,antimony - Not specified
90340130817,0,903401129532,705008,Rincón sur -2-,Spain,Depósito mineral,,,antimony,antimony,Sb,Not specified,special and rare metals,no mine,,no,,,,,,ST_Point,-6.106781,39.359677,4326,true,antimony - Not specified
90340130822,0,903401129533,705009,Villasviejas -4-,Spain,Depósito mineral,,,antimony,antimony,Sb,Not specified,special and rare metals,no mine,,no,,,,,,ST_Point,-6.088589,39.364627,4326,true,antimony - Not specified
90340126337,0,903401126266,105031,ALTO DE PICONES,Spain,Depósito mineral,,,antimony,antimony,Sb,Not specified,special and rare metals,no mine,,no,,,,,,ST_Point,-4.869929,42.918683,4326,true,antimony - Not specified
90340130825,0,903401129534,705010,Las Golondrinas -5-,Spain,Depósito mineral,,,antimony,antimony,Sb,Not specified,special and rare metals,no mine,,no,,,,,,ST_Point,-6.099705,39.376436,4326,true,antimony - Not specified
90340130830,0,903401129535,705011,Las Golondrinas este -6-,Spain,Depósito mineral,,,antimony,antimony,Sb,Not specified,special and rare metals,no mine,,no,,,,,,ST_Point,-6.084474,39.379839,4326,true,antimony - Not specified
90340131038,0,903401129655,727007,Santa Aurelia  (Socavón Este),Spain,Depósito mineral,,,antimony,antimony,Sb,Not specified,special and rare metals,no mine,,no,,,,,,ST_Point,-7.121808,39.267882,4326,true,antimony - Not specified
90340130661,0,903401129430,680008,Pozo Canela,Spain,Depósito mineral,,,antimony,antimony,Sb,Not specified,special and rare metals,no mine,,no,,,,,,ST_Point,-5.555453,39.552366,4326,true,antimony - Not specified
90340131041,0,903401129657,727009,Casa de Benavente,Spain,Depósito mineral,,,antimony,antimony,Sb,Not specified,special and rare metals,no mine,,no,,,,,,ST_Point,-7.096494,39.196742,4326,true,antimony - Not specified
90340130618,0,903401129407,675005,Mina Portoviejo,Spain,Depósito mineral,,,antimony,antimony,Sb,Not specified,special and rare metals,no mine,,no,,,,,,ST_Point,-7.345785,39.526715,4326,true,antimony - Not specified
90340130616,0,903401129405,675003,Cuadrillas de Barbellido,Spain,Depósito mineral,,,antimony,antimony,Sb,Not specified,special and rare metals,no mine,,no,,,,,,ST_Point,-7.29394,39.553445,4326,true,antimony - Not specified
90340130833,0,903401129536,705012,Galería norte Golondrinas -7-,Spain,Depósito mineral,,,antimony,antimony,Sb,Not specified,special and rare metals,no mine,,no,,,,,,ST_Point,-6.086718,39.381697,4326,true,antimony - Not specified
90340130964,0,903401129597,708010,Mina China Rosa,Spain,Depósito mineral,,,antimony,antimony,Sb,Not specified,special and rare metals,no mine,,no,,,,,,ST_Point,-5.162447,39.445268,4326,true,antimony - Not specified
90340130954,0,903401129590,708003,,Spain,Depósito mineral,,,antimony,antimony,Sb,Not specified,special and rare metals,no mine,,no,,,,,,ST_Point,-4.896786,39.491529,4326,true,antimony - Not specified
90340130838,0,903401129537,705013,Grupo El Carmen -8-,Spain,Depósito mineral,,,antimony,antimony,Sb,Not specified,special and rare metals,no mine,,no,,,,,,ST_Point,-6.093758,39.391062,4326,true,antimony - Not specified
90340130841,0,903401129538,705014,La Minilla sur -9-,Spain,Depósito mineral,,,antimony,antimony,Sb,Not specified,special and rare metals,no mine,,no,,,,,,ST_Point,-6.101271,39.394672,4326,true,antimony - Not specified
90340130846,0,903401129539,705015,La Minilla norte -10-,Spain,Depósito mineral,,,antimony,antimony,Sb,Not specified,special and rare metals,no mine,,no,,,,,,ST_Point,-6.101245,39.395302,4326,true,antimony - Not specified
90340130849,0,903401129540,705016,Grupo La Sevillana -11-,Spain,Depósito mineral,,,antimony,antimony,Sb,Not specified,special and rare metals,no mine,,no,,,,,,ST_Point,-6.085764,39.390681,4326,true,antimony - Not specified
90340130854,0,903401129541,705017,Pozo NE La Sevillana -12-,Spain,Depósito mineral,,,antimony,antimony,Sb,Not specified,special and rare metals,no mine,,no,,,,,,ST_Point,-6.082228,39.391944,4326,true,antimony - Not specified
90340130857,0,903401129542,705018,Pozo norte Sevillana -13-,Spain,Depósito mineral,,,antimony,antimony,Sb,Not specified,special and rare metals,no mine,,no,,,,,,ST_Point,-6.084726,39.401645,4326,true,antimony - Not specified
90340130862,0,903401129543,705019,Pozo jabalí -14-,Spain,Depósito mineral,,,antimony,antimony,Sb,Not specified,special and rare metals,no mine,,no,,,,,,ST_Point,-6.084359,39.402087,4326,true,antimony - Not specified
90340130614,0,903401129404,675002,Mina Mari Rosa,Spain,Depósito mineral,,,antimony,antimony,Sb,Not specified,special and rare metals,no mine,,no,,,,,,ST_Point,-7.331851,39.525615,4326,true,antimony - Not specified
90340126363,0,903401126286,106014,MINA DE CANALES,Spain,Depósito mineral,,,antimony,antimony,Sb,Not specified,special and rare metals,no mine,,no,,,,,,ST_Point,-4.761726,42.870783,4326,true,antimony - Not specified
90340130865,0,903401129544,705020,La Dehesa -15-,Spain,Depósito mineral,,,antimony,antimony,Sb,Not specified,special and rare metals,no mine,,no,,,,,,ST_Point,-6.08058,39.403613,4326,true,antimony - Not specified
90340130870,0,903401129545,705021,La Arrebatada -16-,Spain,Depósito mineral,,,antimony,antimony,Sb,Not specified,special and rare metals,no mine,,no,,,,,,ST_Point,-6.090612,39.408099,4326,true,antimony - Not specified
90340125548,0,903401125698,81010,PEÑA QUEBRADORA,Spain,Depósito mineral,,,antimony,antimony,Sb,Not specified,special and rare metals,no mine,,no,,,,,,ST_Point,-4.666141,43.021874,4326,true,antimony - Not specified
90340125549,0,903401125699,81011,MINA ESPERANZA,Spain,Depósito mineral,,,antimony,antimony,Sb,Not specified,special and rare metals,no mine,,no,,,,,,ST_Point,-4.696781,43.029258,4326,true,antimony - Not specified
90340128168,0,903401127624,339020,Las Cogollas(Generala y Brigadiera).,Spain,Depósito mineral,,,antimony,antimony,Sb,Not specified,special and rare metals,no mine,,no,,,,,,ST_Point,-6.017039,41.721751,4326,true,antimony - Not specified
90340128164,0,903401127623,339019,Mina Cañón,Spain,Depósito mineral,,,antimony,antimony,Sb,Not specified,special and rare metals,no mine,,no,,,,,,ST_Point,-6.022774,41.714696,4326,true,antimony - Not specified
90340130873,0,903401129546,705022,Horco norte -17-,Spain,Depósito mineral,,,antimony,antimony,Sb,Not specified,special and rare metals,no mine,,no,,,,,,ST_Point,-6.085077,39.412735,4326,true,antimony - Not specified
90340126378,0,903401126296,106024,LOS LINARES,Spain,Depósito mineral,,,antimony,antimony,Sb,Not specified,special and rare metals,no mine,,no,,,,,,ST_Point,-4.578276,42.907047,4326,true,antimony - Not specified
90340130878,0,903401129547,705023,Grupo Casa Blanca -18-,Spain,Depósito mineral,,,antimony,antimony,Sb,Not specified,special and rare metals,no mine,,no,,,,,,ST_Point,-6.082036,39.424369,4326,true,antimony - Not specified
90340128161,0,903401127622,339018,Mina Clara,Spain,Depósito mineral,,,antimony,antimony,Sb,Not specified,special and rare metals,no mine,,no,,,,,,ST_Point,-6.028839,41.713502,4326,true,antimony - Not specified
90340128160,0,903401127621,339017,Mina Santa Isabel ó Valdeconejos.,Spain,Depósito mineral,,,antimony,antimony,Sb,Not specified,special and rare metals,no mine,,no,,,,,,ST_Point,-6.042625,41.727367,4326,true,antimony - Not specified
90340128157,0,903401127620,339016,Mina La Cabrera (La_ Huérfana o Los Pastores).,Spain,Depósito mineral,,,antimony,antimony,Sb,Not specified,special and rare metals,no mine,,no,,,,,,ST_Point,-6.002289,41.702906,4326,true,antimony - Not specified
90340127122,0,903401126843,157032,"MINAS DE VILLARBACÚ S.José,Genara,Lolita,Dolores,E",Spain,Depósito mineral,,,antimony,antimony,Sb,Not specified,special and rare metals,no mine,,no,,,,,,ST_Point,-7.130939,42.572299,4326,true,antimony - Not specified
90340128758,0,903401128050,431003,,Spain,Depósito mineral,,,antimony,antimony,Sb,Not specified,special and rare metals,no mine,,no,,,,,,ST_Point,-3.544921,41.231425,4326,true,antimony - Not specified
90340126826,0,903401126635,128001,SOSAZ DEL CUMBRAL,Spain,Depósito mineral,,,antimony,antimony,Sb,Not specified,special and rare metals,no mine,,no,,,,,,ST_Point,-6.082871,42.831065,4326,true,antimony - Not specified
90340126831,0,903401126640,128006,SOTO Y AMIO,Spain,Depósito mineral,,,antimony,antimony,Sb,Not specified,special and rare metals,no mine,,no,,,,,,ST_Point,-5.881178,42.7737,4326,true,antimony - Not specified
90340127467,0,903401127096,190038,BIOBRA,Spain,Depósito mineral,,,antimony,antimony,Sb,Not specified,special and rare metals,no mine,,no,,,,,,ST_Point,-6.858275,42.475851,4326,true,antimony - Not specified
90340126120,0,903401126123,101032,DEVESA CORTADA,Spain,Depósito mineral,,,antimony,antimony,Sb,Not specified,special and rare metals,no mine,,no,,,,,,ST_Point,-6.216114,42.833485,4326,true,antimony - Not specified
90340130881,0,903401129548,705024,Petra -22-,Spain,Depósito mineral,,,antimony,antimony,Sb,Not specified,special and rare metals,no mine,,no,,,,,,ST_Point,-6.072536,39.401609,4326,true,antimony - Not specified
90340130886,0,903401129549,705025,La Serafina -pozo 1899 -23-,Spain,Depósito mineral,,,antimony,antimony,Sb,Not specified,special and rare metals,no mine,,no,,,,,,ST_Point,-6.063484,39.456782,4326,true,antimony - Not specified
90340127495,0,903401127122,191024,REMOL-EL POUSEBIÑO,Spain,Depósito mineral,,,antimony,antimony,Sb,Not specified,special and rare metals,no mine,,no,,,,,,ST_Point,-6.81747,42.463374,4326,true,antimony - Not specified
90340136000,0,903401133073,959014,El Chaparral,Spain,Depósito mineral,,,antimony,antimony,Sb,Not specified,special and rare metals,no mine,,no,,,,,,ST_Point,-7.096995,37.651303,4326,true,antimony - Not specified
90340137846,0,903401134408,1040013,,Spain,Depósito mineral,,,antimony,antimony,Sb,Not specified,special and rare metals,no mine,,no,,,,,,ST_Point,-4.167479,36.857956,4326,true,antimony - Not specified
90340130889,0,903401129550,705026,La Serafina -pozo redondo- 24,Spain,Depósito mineral,,,antimony,antimony,Sb,Not specified,special and rare metals,no mine,,no,,,,,,ST_Point,-6.060778,39.460317,4326,true,antimony - Not specified
90340126319,0,903401126255,105020,MINA MARIA TERESA,Spain,Depósito mineral,,,antimony,antimony,Sb,Not specified,special and rare metals,no mine,,no,,,,,,ST_Point,-5.055322,42.985561,4326,true,antimony - Not specified
90340138646,0,903401134930,1064010,Los Boncales.,Spain,Depósito mineral,,,antimony,antimony,Sb,Not specified,special and rare metals,no mine,,no,,,,,,ST_Point,-5.260045,36.596517,4326,true,antimony - Not specified
90340124030,0,903401124650,51038,MINA LA VACA,Spain,Depósito mineral,,,antimony,antimony,Sb,Not specified,special and rare metals,no mine,,no,,,,,,ST_Point,-6.224484,43.172699,4326,true,antimony - Not specified
90340126323,0,903401126256,105021,MINA DE LAS VIESCAS,Spain,Depósito mineral,,,antimony,antimony,Sb,Not specified,special and rare metals,no mine,,no,,,,,,ST_Point,-5.035337,42.963496,4326,true,antimony - Not specified
90340125259,0,903401125465,70002,MINA PANDEIRO - ALDEA BALADO,Spain,Depósito mineral,,,antimony,antimony,Sb,Not specified,special and rare metals,no mine,,no,,,,,,ST_Point,-8.420372,43.071289,4326,true,antimony - Not specified
90340126327,0,903401126259,105024,MINAS DEL REY,Spain,Depósito mineral,,,antimony,antimony,Sb,Not specified,special and rare metals,no mine,,no,,,,,,ST_Point,-4.96381,42.938903,4326,true,antimony - Not specified
90340131634,0,903401130032,830015,Sur de Cruces,Spain,Depósito mineral,,,antimony,antimony,Sb,Not specified,special and rare metals,no mine,,no,,,,,,ST_Point,-6.163762,38.634502,4326,true,antimony - Not specified
90340125381,0,903401125570,76001,PERFECTA 8,Spain,Depósito mineral,,,antimony,antimony,Sb,Not specified,special and rare metals,no mine,,no,,,,,,ST_Point,-6.485498,43.083744,4326,true,antimony - Not specified
90340125382,0,903401125571,76002,SIERO,Spain,Depósito mineral,,,antimony,antimony,Sb,Not specified,special and rare metals,no mine,,no,,,,,,ST_Point,-6.467724,43.088754,4326,true,antimony - Not specified
90340130894,0,903401129551,705027,La Serafina -pozo cuadrado- 25,Spain,Depósito mineral,,,antimony,antimony,Sb,Not specified,special and rare metals,no mine,,no,,,,,,ST_Point,-6.060721,39.461667,4326,true,antimony - Not specified
90340127074,0,903401126810,156008,SANTA EUFEMIA,Spain,Depósito mineral,,,antimony,antimony,Sb,Not specified,special and rare metals,no mine,,no,,,,,,ST_Point,-7.194958,42.578909,4326,true,antimony - Not specified
90340126325,0,903401126258,105023,EL EMPRUNO,Spain,Depósito mineral,,,antimony,antimony,Sb,Not specified,special and rare metals,no mine,,no,,,,,,ST_Point,-5.041243,42.945562,4326,true,antimony - Not specified
90340131049,0,903401129662,727014,Melita,Spain,Depósito mineral,,,antimony,antimony,Sb,Not specified,special and rare metals,no mine,,no,,,,,,ST_Point,-7.088599,39.188954,4326,true,antimony - Not specified
90340131054,0,903401129664,727016,Mina San Antonio,Spain,Depósito mineral,,,antimony,antimony,Sb,Not specified,special and rare metals,no mine,,no,,,,,,ST_Point,-7.079415,39.1861,4326,true,antimony - Not specified
90340131264,0,903401129802,780003,La Costera,Spain,Depósito mineral,,,antimony,antimony,Sb,Not specified,special and rare metals,no mine,,no,,,,,,ST_Point,-5.21182,38.972413,4326,true,antimony - Not specified
90340131260,0,903401129800,780001,Mina Santa Ana,Spain,Depósito mineral,,,antimony,antimony,Sb,Not specified,special and rare metals,no mine,,no,,,,,,ST_Point,-5.214387,38.9785,4326,true,antimony - Not specified
90340131159,0,903401129737,733001,Benazaire/Collado de la Cigüeña,Spain,Depósito mineral,,,antimony,antimony,Sb,Not specified,special and rare metals,no mine,,no,,,,,,ST_Point,-4.994707,39.234916,4326,true,antimony - Not specified
90340131160,0,903401129738,733002,Mina Pilar,Spain,Depósito mineral,,,antimony,antimony,Sb,Not specified,special and rare metals,no mine,,no,,,,,,ST_Point,-4.995847,39.213813,4326,true,antimony - Not specified
90340131161,0,903401129739,733003,Dehesa del Pueblo,Spain,Depósito mineral,,,antimony,antimony,Sb,Not specified,special and rare metals,no mine,,no,,,,,,ST_Point,-5.065744,39.168356,4326,true,antimony - Not specified
904401264652,1,904401293588,b127bbb4-901a-1708-986e-07caaad472c9,Fuerteventura,Spain,Presencia,,carbonatite,LREE,LREE,LREE,occurrence,special and rare metals,no mine,,no,,,,,,ST_Point,-13.99,28.62,4326,true,LREE - occurrence
904401264654,1,904401293591,c7ad51f6-6ee5-a796-847d-7b521023faf3,Galineiro,Spain,Presencia,,unsaturated and saturated syenitic and alkali granitic igneous rocks and pegmatites,LREE,LREE,LREE,occurrence,special and rare metals,no mine,,no,,,,,,ST_Point,-8.7,42.13,4326,true,LREE - occurrence
904401264655,1,904401293591,c7ad51f6-6ee5-a796-847d-7b521023faf3,Galineiro,Spain,Presencia,,unsaturated and saturated syenitic and alkali granitic igneous rocks and pegmatites,HREE,HREE,HREE,occurrence,special and rare metals,no mine,,no,,,,,,ST_Point,-8.7,42.13,4326,true,HREE - occurrence
90340126985,2,903401126768,153004,PEDRIÑA LONGA,Spain,Depósito mineral,,,tantalum,Tantalio,Ta,small deposit,special and rare metals,no mine,,no,,,,,,ST_Point,-8.300308,42.621618,4326,true,tantalum - small deposit
90340127314,2,903401127000,185005,ARRA,Spain,Depósito mineral,,,tantalum,Tantalio,Ta,small deposit,special and rare metals,no mine,,no,,,,,,ST_Point,-8.841061,42.400754,4326,true,tantalum - small deposit
90340127311,2,903401126999,185004,AYOS,Spain,Depósito mineral,,,tantalum,Tantalio,Ta,small deposit,special and rare metals,no mine,,no,,,,,,ST_Point,-8.849769,42.417877,4326,true,tantalum - small deposit
90340127763,2,903401127360,261013,MINA PALMIRA,Spain,Depósito mineral,,,tantalum,Tantalio,Ta,small deposit,special and rare metals,no mine,,no,,,,,,ST_Point,-8.796092,42.027823,4326,true,tantalum - small deposit
90340126608,2,903401126457,119010,RUA NUEVA,Spain,Depósito mineral,,,tantalum,Tantalio,Ta,small deposit,special and rare metals,no mine,,no,,,,,,ST_Point,-8.892669,42.774549,4326,true,tantalum - small deposit
90340126970,2,903401126759,151007,INGLATERRA,Spain,Depósito mineral,,,tantalum,Tantalio,Ta,small deposit,special and rare metals,no mine,,no,,,,,,ST_Point,-8.913023,42.643086,4326,true,tantalum - small deposit
90340126966,2,903401126758,151006,PIÑEIRO,Spain,Depósito mineral,,,tantalum,Tantalio,Ta,small deposit,special and rare metals,no mine,,no,,,,,,ST_Point,-8.919719,42.652997,4326,true,tantalum - small deposit
90340139181,2,903401126474,121005,CARBOEIRO,Spain,Depósito mineral,,,tantalum,Tantalio,Ta,small deposit,special and rare metals,no mine,,no,,,,,,ST_Point,-8.237233,42.753865,4326,true,tantalum - small deposit
90340126999,2,903401126773,153009,BUSTELOS,Spain,Depósito mineral,,,tantalum,Tantalio,Ta,small deposit,special and rare metals,no mine,,no,,,,,,ST_Point,-8.239057,42.59466,4326,true,tantalum - small deposit
90340139184,2,903401129091,572013,Mina Horia,Spain,Depósito mineral,,,tantalum,Tantalio,Ta,small deposit,special and rare metals,no mine,,no,,,,,,ST_Point,-6.849408,40.280207,4326,true,tantalum - small deposit
90340127977,2,903401127483,303002,AS MOROGUEIRAS,Spain,Depósito mineral,,,tantalum,Tantalio,Ta,small deposit,special and rare metals,no mine,,no,,,,,,ST_Point,-7.480135,41.99722,4326,true,tantalum - small deposit
90340127980,2,903401127484,303003,PORTO DAVEIRO,Spain,Depósito mineral,,,tantalum,Tantalio,Ta,small deposit,special and rare metals,no mine,,no,,,,,,ST_Point,-7.476125,41.98816,4326,true,tantalum - small deposit
90340139183,2,903401128706,503054,Martinamor II,Spain,Depósito mineral,,,tantalum,Tantalio,Ta,small deposit,special and rare metals,no mine,,no,,,,,,ST_Point,-5.604072,40.818396,4326,true,tantalum - small deposit
90340126996,2,903401126772,153008,GROVAS,Spain,Depósito mineral,,,tantalum,Tantalio,Ta,small deposit,special and rare metals,no mine,,no,,,,,,ST_Point,-8.262982,42.581309,4326,true,tantalum - small deposit
90340127003,2,903401126774,153010,CASTELIÑO,Spain,Depósito mineral,,,tantalum,Tantalio,Ta,small deposit,special and rare metals,no mine,,no,,,,,,ST_Point,-8.206663,42.602095,4326,true,tantalum - small deposit
90340127823,2,903401127389,264012,EL SANTO,Spain,Depósito mineral,,,tantalum,Tantalio,Ta,small deposit,special and rare metals,no mine,,no,,,,,,ST_Point,-7.538629,42.079036,4326,true,tantalum - small deposit
90340127983,2,903401127485,303004,INFESTA,Spain,Depósito mineral,,,tantalum,Tantalio,Ta,small deposit,special and rare metals,no mine,,no,,,,,,ST_Point,-7.500123,41.968662,4326,true,tantalum - small deposit
90340127008,2,903401126776,153012,TRIGUEIRA,Spain,Depósito mineral,,,tantalum,Tantalio,Ta,small deposit,special and rare metals,no mine,,no,,,,,,ST_Point,-8.228499,42.561269,4326,true,tantalum - small deposit
904401264669,2,904401293590,2b071e1b-d2f5-e4fe-18ae-7831fb41c33f,Mulas,Spain,Prospección,,alluvial placer,LREE,LREE,LREE,small deposit,special and rare metals,no mine,,yes,,,"non compliant resource estimate (poorly documented, 1990) : 12 Mt ore @/with 25200 t Total rare earth oxide",,,ST_Point,-3.305556,38.62222,4326,true,LREE - small deposit
90340115752,2,903401115829,153007,,Spain,Depósito mineral,,,lithium,lithium,Li,small deposit,special and rare metals,abandoned,quarry,no,,,,,,ST_Point,-8.20668,42.6053,4326,true,lithium - small deposit
90340127001,2,903401126774,153010,CASTELIÑO,Spain,Depósito mineral,,,lithium,lithium,Li,small deposit,special and rare metals,no mine,,no,,,,,,ST_Point,-8.206663,42.602095,4326,true,lithium - small deposit
90340118335,2,903401118048,395003,,Spain,Depósito mineral,,,lithium,lithium,Li,small deposit,special and rare metals,abandoned,quarry,no,,,,,,ST_Point,-6.37306,41.3828,4326,true,lithium - small deposit
904401264670,2,904401293590,2b071e1b-d2f5-e4fe-18ae-7831fb41c33f,Mulas,Spain,Prospección,,alluvial placer,HREE,HREE,HREE,small deposit,special and rare metals,no mine,,yes,,,"non compliant resource estimate (poorly documented, 1990) : 12 Mt ore @/with 25200 t Total rare earth oxide",,,ST_Point,-3.305556,38.62222,4326,true,HREE - small deposit
90340133391,2,903401131233,882007,Indicio de la Casilla,Spain,Depósito mineral,,,bismuth,bismuth,Bi,small deposit,special and rare metals,no mine,,no,,,,,,ST_Point,-4.324246,38.33013,4326,true,bismuth - small deposit
90340132408,2,903401130574,859014,El Porrejón,Spain,Depósito mineral,,,bismuth,bismuth,Bi,small deposit,special and rare metals,no mine,,no,,,,,,ST_Point,-4.659987,38.476828,4326,true,bismuth - small deposit
90340132433,2,903401130593,860009,San Rafael (Paraje de Cerro de Lavanderas),Spain,Depósito mineral,,,bismuth,bismuth,Bi,small deposit,special and rare metals,no mine,,no,,,,,,ST_Point,-4.491132,38.419578,4326,true,bismuth - small deposit
90340132439,2,903401130598,860014,Paraje de El Oreganal,Spain,Depósito mineral,,,bismuth,bismuth,Bi,small deposit,special and rare metals,no mine,,no,,,,,,ST_Point,-4.289848,38.341346,4326,true,bismuth - small deposit
90340132510,2,903401130642,860058,,Spain,Depósito mineral,,,bismuth,bismuth,Bi,small deposit,special and rare metals,no mine,,no,,,,,,ST_Point,-4.490926,38.415696,4326,true,bismuth - small deposit
90340132407,2,903401130573,859013,Andresito,Spain,Depósito mineral,,,bismuth,bismuth,Bi,small deposit,special and rare metals,no mine,,no,,,,,,ST_Point,-4.772167,38.494649,4326,true,bismuth - small deposit
90340138916,2,903401135099,1072010,Mina Atencia. Casa del Alto Padrón,Spain,Depósito mineral,,,bismuth,bismuth,Bi,small deposit,special and rare metals,no mine,,no,,,,,,ST_Point,-5.15043,36.472811,4326,true,bismuth - small deposit
90340133360,2,903401131204,881043,,Spain,Depósito mineral,,,bismuth,bismuth,Bi,small deposit,special and rare metals,no mine,,no,,,,,,ST_Point,-4.804396,38.271921,4326,true,bismuth - small deposit
90340133359,2,903401131203,881042,Oportunidad,Spain,Depósito mineral,,,bismuth,bismuth,Bi,small deposit,special and rare metals,no mine,,no,,,,,,ST_Point,-4.735453,38.231886,4326,true,bismuth - small deposit
90340132438,2,903401130597,860013,Marijuana,Spain,Depósito mineral,,,bismuth,bismuth,Bi,small deposit,special and rare metals,no mine,,no,,,,,,ST_Point,-4.337381,38.363839,4326,true,bismuth - small deposit
90340132432,2,903401130592,860008,Carmela,Spain,Depósito mineral,,,bismuth,bismuth,Bi,small deposit,special and rare metals,no mine,,no,,,,,,ST_Point,-4.477741,38.408861,4326,true,bismuth - small deposit
90340132410,2,903401130575,859015,mina de Don Juan Herrero,Spain,Depósito mineral,,,bismuth,bismuth,Bi,small deposit,special and rare metals,no mine,,no,,,,,,ST_Point,-4.643345,38.48857,4326,true,bismuth - small deposit
90340133353,2,903401131197,881036,Irene / San Juan de Dios,Spain,Depósito mineral,,,bismuth,bismuth,Bi,small deposit,special and rare metals,no mine,,no,,,,,,ST_Point,-4.691701,38.242473,4326,true,bismuth - small deposit
90340133352,2,903401131196,881035,Los Cuatro Amigos,Spain,Depósito mineral,,,bismuth,bismuth,Bi,small deposit,special and rare metals,no mine,,no,,,,,,ST_Point,-4.688833,38.238505,4326,true,bismuth - small deposit
90340138913,2,903401135098,1072009,Huerta Vinagre Norte,Spain,Depósito mineral,,,bismuth,bismuth,Bi,small deposit,special and rare metals,no mine,,no,,,,,,ST_Point,-5.153393,36.479067,4326,true,bismuth - small deposit
90340132429,2,903401130589,860005,San Ernesto (Paraje Las Viñas),Spain,Depósito mineral,,,bismuth,bismuth,Bi,small deposit,special and rare metals,no mine,,no,,,,,,ST_Point,-4.505867,38.423093,4326,true,bismuth - small deposit
90340133345,2,903401131189,881028,,Spain,Depósito mineral,,,bismuth,bismuth,Bi,small deposit,special and rare metals,no mine,,no,,,,,,ST_Point,-4.662143,38.228504,4326,true,bismuth - small deposit
90340133334,2,903401131179,881018,,Spain,Depósito mineral,,,bismuth,bismuth,Bi,small deposit,special and rare metals,no mine,,no,,,,,,ST_Point,-4.678105,38.234062,4326,true,bismuth - small deposit
90340133436,2,903401131271,882045,Minas de Azuel o Mina San José,Spain,Depósito mineral,,,bismuth,bismuth,Bi,small deposit,special and rare metals,no mine,,no,,,,,,ST_Point,-4.327835,38.32307,4326,true,bismuth - small deposit
90340129209,2,903401128359,466014,,Spain,Depósito mineral,,,bismuth,bismuth,Bi,small deposit,special and rare metals,no mine,,no,,,,,,ST_Point,-1.054095,41.093617,4326,true,bismuth - small deposit
90340133331,2,903401131176,881015,Mina San Juan de Dios,Spain,Depósito mineral,,,bismuth,bismuth,Bi,small deposit,special and rare metals,no mine,,no,,,,,,ST_Point,-4.68949,38.246182,4326,true,bismuth - small deposit
90340133329,2,903401131174,881013,,Spain,Depósito mineral,,,bismuth,bismuth,Bi,small deposit,special and rare metals,no mine,,no,,,,,,ST_Point,-4.77247,38.270533,4326,true,bismuth - small deposit
90340132454,2,903401130608,860024,MARIA DEL CARMEN,Spain,Depósito mineral,,,bismuth,bismuth,Bi,small deposit,special and rare metals,no mine,,no,,,,,,ST_Point,-4.502019,38.425918,4326,true,bismuth - small deposit
90340132453,2,903401130607,860023,CARMELA,Spain,Depósito mineral,,,bismuth,bismuth,Bi,small deposit,special and rare metals,no mine,,no,,,,,,ST_Point,-4.477611,38.408656,4326,true,bismuth - small deposit
90340133326,2,903401131171,881010,Casa de los Chaparrales,Spain,Depósito mineral,,,bismuth,bismuth,Bi,small deposit,special and rare metals,no mine,,no,,,,,,ST_Point,-4.786422,38.267068,4326,true,bismuth - small deposit
90340133325,2,903401131170,881009,Mina Cerro Gordo,Spain,Depósito mineral,,,bismuth,bismuth,Bi,small deposit,special and rare metals,no mine,,no,,,,,,ST_Point,-4.778382,38.26829,4326,true,bismuth - small deposit
90340133324,2,903401131169,881008,Mina Esperanza,Spain,Depósito mineral,,,bismuth,bismuth,Bi,small deposit,special and rare metals,no mine,,no,,,,,,ST_Point,-4.794184,38.277349,4326,true,bismuth - small deposit
90340132467,2,903401130615,860031,MINA DEL INGLES (DENTRO DE MARIA DEL CARMEN),Spain,Depósito mineral,,,bismuth,bismuth,Bi,small deposit,special and rare metals,no mine,,no,,,,,,ST_Point,-4.497503,38.42913,4326,true,bismuth - small deposit
90340133321,2,903401131166,881005,,Spain,Depósito mineral,,,bismuth,bismuth,Bi,small deposit,special and rare metals,no mine,,no,,,,,,ST_Point,-4.797949,38.279364,4326,true,bismuth - small deposit
90340133320,2,903401131165,881004,San Francisco,Spain,Depósito mineral,,,bismuth,bismuth,Bi,small deposit,special and rare metals,no mine,,no,,,,,,ST_Point,-4.797372,38.276796,4326,true,bismuth - small deposit
90340132437,2,903401130596,860012,Paraje del Pinjillo,Spain,Depósito mineral,,,bismuth,bismuth,Bi,small deposit,special and rare metals,no mine,,no,,,,,,ST_Point,-4.352427,38.365378,4326,true,bismuth - small deposit
90340132507,2,903401130640,860056,MINA DEL PINJILLO,Spain,Depósito mineral,,,bismuth,bismuth,Bi,small deposit,special and rare metals,no mine,,no,,,,,,ST_Point,-4.353697,38.365995,4326,true,bismuth - small deposit
90340132495,2,903401130632,860048,MARIJUANA,Spain,Depósito mineral,,,bismuth,bismuth,Bi,small deposit,special and rare metals,no mine,,no,,,,,,ST_Point,-4.337071,38.364383,4326,true,bismuth - small deposit
90340132494,2,903401130631,860047,,Spain,Depósito mineral,,,bismuth,bismuth,Bi,small deposit,special and rare metals,no mine,,no,,,,,,ST_Point,-4.28802,38.341501,4326,true,bismuth - small deposit
90340126967,2,903401126759,151007,INGLATERRA,Spain,Depósito mineral,,,beryllium,beryllium,Be,small deposit,special and rare metals,no mine,,no,,,,,,ST_Point,-8.913023,42.643086,4326,true,beryllium - small deposit
90340126963,2,903401126758,151006,PIÑEIRO,Spain,Depósito mineral,,,beryllium,beryllium,Be,small deposit,special and rare metals,no mine,,no,,,,,,ST_Point,-8.919719,42.652997,4326,true,beryllium - small deposit
90340127974,2,903401127483,303002,AS MOROGUEIRAS,Spain,Depósito mineral,,,beryllium,beryllium,Be,small deposit,special and rare metals,no mine,,no,,,,,,ST_Point,-7.480135,41.99722,4326,true,beryllium - small deposit
90340127750,2,903401127350,261003,TERCIAS,Spain,Depósito mineral,,,beryllium,beryllium,Be,small deposit,special and rare metals,no mine,,no,,,,,,ST_Point,-8.759474,42.128174,4326,true,beryllium - small deposit
90340135072,2,903401132448,922019,Sierra Morena 1º,Spain,Depósito mineral,,,antimony,antimony,Sb,small deposit,special and rare metals,no mine,,no,,,,,,ST_Point,-4.884435,37.951383,4326,true,antimony - small deposit
90340127124,2,903401126845,157034,SOLDON.Conc.RITO,Spain,Depósito mineral,,,antimony,antimony,Sb,small deposit,special and rare metals,no mine,,no,,,,,,ST_Point,-7.093218,42.55871,4326,true,antimony - small deposit
90340126697,2,903401126508,125026,PENEDOS DE VILLAPUN,Spain,Depósito mineral,,,antimony,antimony,Sb,small deposit,special and rare metals,no mine,,no,,,,,,ST_Point,-7.038866,42.815427,4326,true,antimony - small deposit
90340126696,2,903401126507,125025,CUBELAS,Spain,Depósito mineral,,,antimony,antimony,Sb,small deposit,special and rare metals,no mine,,no,,,,,,ST_Point,-7.036816,42.822236,4326,true,antimony - small deposit
90340126693,2,903401126504,125022,MINA CARACOCHA,Spain,Depósito mineral,,,antimony,antimony,Sb,small deposit,special and rare metals,no mine,,no,,,,,,ST_Point,-6.992573,42.752941,4326,true,antimony - small deposit
90340137586,2,903401134215,1028007,MINAS DE DON DIEGO y POZO DEL PASTOR MUERTO,Spain,Depósito mineral,,,antimony,antimony,Sb,small deposit,special and rare metals,no mine,,no,,,,,,ST_Point,-3.086844,37.142558,4326,true,antimony - small deposit
90340137773,2,903401134355,1031032,MINAS DE LA CHACONA,Spain,Depósito mineral,,,antimony,antimony,Sb,small deposit,special and rare metals,no mine,,no,,,,,,ST_Point,-1.863091,37.055105,4326,true,antimony - small deposit
90340138341,2,903401134731,1046056,LAS MINILLAS,Spain,Depósito mineral,,,antimony,antimony,Sb,small deposit,special and rare metals,no mine,,no,,,,,,ST_Point,-1.971823,36.998409,4326,true,antimony - small deposit
90340125448,2,903401125631,78008,MINA DE PALOMBAR,Spain,Depósito mineral,,,antimony,antimony,Sb,small deposit,special and rare metals,no mine,,no,,,,,,ST_Point,-5.787163,43.115312,4326,true,antimony - small deposit
90340125447,2,903401125630,78007,MINA VALENTINA,Spain,Depósito mineral,,,antimony,antimony,Sb,small deposit,special and rare metals,no mine,,no,,,,,,ST_Point,-5.793547,43.120558,4326,true,antimony - small deposit
90340125445,2,903401125628,78005,MINA VALERIANA,Spain,Depósito mineral,,,antimony,antimony,Sb,small deposit,special and rare metals,no mine,,no,,,,,,ST_Point,-5.826008,43.131466,4326,true,antimony - small deposit
90340125386,2,903401125575,76006,RIO DE MOURE,Spain,Depósito mineral,,,antimony,antimony,Sb,small deposit,special and rare metals,no mine,,no,,,,,,ST_Point,-6.462737,43.158877,4326,true,antimony - small deposit
90340125385,2,903401125574,76005,EL TUEZANO,Spain,Depósito mineral,,,antimony,antimony,Sb,small deposit,special and rare metals,no mine,,no,,,,,,ST_Point,-6.481881,43.112028,4326,true,antimony - small deposit
90340125384,2,903401125573,76004,VILLARMENTAL,Spain,Depósito mineral,,,antimony,antimony,Sb,small deposit,special and rare metals,no mine,,no,,,,,,ST_Point,-6.488426,43.102267,4326,true,antimony - small deposit
90340125383,2,903401125572,76003,LOS ENTREGALES,Spain,Depósito mineral,,,antimony,antimony,Sb,small deposit,special and rare metals,no mine,,no,,,,,,ST_Point,-6.476947,43.097512,4326,true,antimony - small deposit
90340125258,2,903401125464,70001,ZAMPAÑO,Spain,Depósito mineral,,,antimony,antimony,Sb,small deposit,special and rare metals,no mine,,no,,,,,,ST_Point,-8.417487,43.116478,4326,true,antimony - small deposit
90340138637,2,903401134922,1064002,Cortijo Melero.,Spain,Depósito mineral,,,antimony,antimony,Sb,small deposit,special and rare metals,no mine,,no,,,,,,ST_Point,-5.222653,36.637328,4326,true,antimony - small deposit
90340135464,2,903401132705,937021,La Esmeralda,Spain,Depósito mineral,,,antimony,antimony,Sb,small deposit,special and rare metals,no mine,,no,,,,,,ST_Point,-7.126501,37.667953,4326,true,antimony - small deposit
90340135039,2,903401132430,922001,Sierra Morena 2º,Spain,Depósito mineral,,,antimony,antimony,Sb,small deposit,special and rare metals,no mine,,no,,,,,,ST_Point,-4.898186,37.951946,4326,true,antimony - small deposit
90340128521,2,903401127896,409001,,Spain,Depósito mineral,,,antimony,antimony,Sb,small deposit,special and rare metals,no mine,,no,,,,,,ST_Point,-1.826287,41.374358,4326,true,antimony - small deposit
90340128522,2,903401127897,409002,,Spain,Depósito mineral,,,antimony,antimony,Sb,small deposit,special and rare metals,no mine,,no,,,,,,ST_Point,-1.812993,41.377483,4326,true,antimony - small deposit
90340128533,2,903401127906,410001,Bilibitana,Spain,Depósito mineral,,,antimony,antimony,Sb,small deposit,special and rare metals,no mine,,no,,,,,,ST_Point,-1.39453,41.418799,4326,true,antimony - small deposit
90340134287,2,903401131879,901019,Don Beck,Spain,Depósito mineral,,,antimony,antimony,Sb,small deposit,special and rare metals,no mine,,no,,,,,,ST_Point,-5.069764,38.160838,4326,true,antimony - small deposit
90340128773,2,903401128063,437001,Mina Leonor,Spain,Depósito mineral,,,antimony,antimony,Sb,small deposit,special and rare metals,no mine,,no,,,,,,ST_Point,-1.787527,41.288926,4326,true,antimony - small deposit
90340128776,2,903401128065,437003,,Spain,Depósito mineral,,,antimony,antimony,Sb,small deposit,special and rare metals,no mine,,no,,,,,,ST_Point,-1.777764,41.296929,4326,true,antimony - small deposit
90340128783,2,903401128070,437008,Mina de Tablares,Spain,Depósito mineral,,,antimony,antimony,Sb,small deposit,special and rare metals,no mine,,no,,,,,,ST_Point,-1.734444,41.253072,4326,true,antimony - small deposit
90340128789,2,903401128073,437011,,Spain,Depósito mineral,,,antimony,antimony,Sb,small deposit,special and rare metals,no mine,,no,,,,,,ST_Point,-1.744917,41.25651,4326,true,antimony - small deposit
90340128792,2,903401128074,437012,,Spain,Depósito mineral,,,antimony,antimony,Sb,small deposit,special and rare metals,no mine,,no,,,,,,ST_Point,-1.74905,41.264464,4326,true,antimony - small deposit
90340133682,2,903401131487,884181,Paraje Barranquillo,Spain,Depósito mineral,,,antimony,antimony,Sb,small deposit,special and rare metals,no mine,,no,,,,,,ST_Point,-3.765564,38.29948,4326,true,antimony - small deposit
90340133667,2,903401131472,884166,Mina San Agustín (Pozo 15 de marzo),Spain,Depósito mineral,,,antimony,antimony,Sb,small deposit,special and rare metals,no mine,,no,,,,,,ST_Point,-3.733493,38.275271,4326,true,antimony - small deposit
90340133199,2,903401131079,879012,,Spain,Depósito mineral,,,antimony,antimony,Sb,small deposit,special and rare metals,no mine,,no,,,,,,ST_Point,-5.409445,38.314623,4326,true,antimony - small deposit
90340129205,2,903401128356,466011,,Spain,Depósito mineral,,,antimony,antimony,Sb,small deposit,special and rare metals,no mine,,no,,,,,,ST_Point,-1.176961,41.09089,4326,true,antimony - small deposit
90340132735,2,903401130774,863028,,Spain,Depósito mineral,,,antimony,antimony,Sb,small deposit,special and rare metals,no mine,,no,,,,,,ST_Point,-3.462274,38.483681,4326,true,antimony - small deposit
90340132734,2,903401130773,863027,Arroyo de las Cañas,Spain,Depósito mineral,,,antimony,antimony,Sb,small deposit,special and rare metals,no mine,,no,,,,,,ST_Point,-3.467322,38.480597,4326,true,antimony - small deposit
90340132733,2,903401130772,863026,Arroyo de Naverredonda,Spain,Depósito mineral,,,antimony,antimony,Sb,small deposit,special and rare metals,no mine,,no,,,,,,ST_Point,-3.457841,38.482509,4326,true,antimony - small deposit
90340132732,2,903401130771,863025,Colmenar del Cura,Spain,Depósito mineral,,,antimony,antimony,Sb,small deposit,special and rare metals,no mine,,no,,,,,,ST_Point,-3.457841,38.482509,4326,true,antimony - small deposit
90340132722,2,903401130762,863016,Madre Dolores,Spain,Depósito mineral,,,antimony,antimony,Sb,small deposit,special and rare metals,no mine,,no,,,,,,ST_Point,-3.364593,38.36583,4326,true,antimony - small deposit
90340132703,2,903401130746,862031,Sierra Sta maría Caserío de Curriple,Spain,Depósito mineral,,,antimony,antimony,Sb,small deposit,special and rare metals,no mine,,no,,,,,,ST_Point,-3.533051,38.475964,4326,true,antimony - small deposit
90340132702,2,903401130745,862030,Ruimula,Spain,Depósito mineral,,,antimony,antimony,Sb,small deposit,special and rare metals,no mine,,no,,,,,,ST_Point,-3.611841,38.486214,4326,true,antimony - small deposit
90340129529,2,903401128587,492002,,Spain,Depósito mineral,,,antimony,antimony,Sb,small deposit,special and rare metals,no mine,,no,,,,,,ST_Point,-0.902705,40.949453,4326,true,antimony - small deposit
90340132269,2,903401130508,857008,EL MEMBRILLEJO,Spain,Depósito mineral,,,antimony,antimony,Sb,small deposit,special and rare metals,no mine,,no,,,,,,ST_Point,-5.475976,38.348387,4326,true,antimony - small deposit
90340132067,2,903401130368,838006,Camino de Torre de Juan Abad,Spain,Depósito mineral,,,antimony,antimony,Sb,small deposit,special and rare metals,no mine,,no,,,,,,ST_Point,-3.328936,38.616454,4326,true,antimony - small deposit
90340132063,2,903401130365,838003,Las  Minillas,Spain,Depósito mineral,,,antimony,antimony,Sb,small deposit,special and rare metals,no mine,,no,,,,,,ST_Point,-3.454849,38.61597,4326,true,antimony - small deposit
90340132061,2,903401130364,838002,San Cristóbal,Spain,Depósito mineral,,,antimony,antimony,Sb,small deposit,special and rare metals,no mine,,no,,,,,,ST_Point,-3.380768,38.63251,4326,true,antimony - small deposit
90340132060,2,903401130363,838001,Bilbao,Spain,Depósito mineral,,,antimony,antimony,Sb,small deposit,special and rare metals,no mine,,no,,,,,,ST_Point,-3.443098,38.659476,4326,true,antimony - small deposit
90340132035,2,903401130347,836095,,Spain,Depósito mineral,,,antimony,antimony,Sb,small deposit,special and rare metals,no mine,,no,,,,,,ST_Point,-3.933125,38.506175,4326,true,antimony - small deposit
90340131947,2,903401130278,836025,SAN GABRIEL,Spain,Depósito mineral,,,antimony,antimony,Sb,small deposit,special and rare metals,no mine,,no,,,,,,ST_Point,-4.084555,39.455538,4326,true,antimony - small deposit
90340131900,2,903401130246,835145,,Spain,Depósito mineral,,,antimony,antimony,Sb,small deposit,special and rare metals,no mine,,no,,,,,,ST_Point,-4.192879,38.575011,4326,true,antimony - small deposit
90340131663,2,903401130053,833003,La Balanzona,Spain,Depósito mineral,,,antimony,antimony,Sb,small deposit,special and rare metals,no mine,,no,,,,,,ST_Point,-4.888345,38.655733,4326,true,antimony - small deposit
90340131554,2,903401129980,808012,Navalpozo,Spain,Depósito mineral,,,antimony,antimony,Sb,small deposit,special and rare metals,no mine,,no,,,,,,ST_Point,-4.633883,38.766921,4326,true,antimony - small deposit
90340131464,2,903401129930,807003,Los Accesos Este,Spain,Depósito mineral,,,antimony,antimony,Sb,small deposit,special and rare metals,no mine,,no,,,,,,ST_Point,-4.958833,38.675975,4326,true,antimony - small deposit
90340131463,2,903401129929,807002,Mina de Los Accesos,Spain,Depósito mineral,,,antimony,antimony,Sb,small deposit,special and rare metals,no mine,,no,,,,,,ST_Point,-4.962595,38.6803,4326,true,antimony - small deposit
90340129910,2,903401128888,530005,,Spain,Depósito mineral,,,antimony,antimony,Sb,small deposit,special and rare metals,no mine,,no,,,,,,ST_Point,-4.961257,40.526434,4326,true,antimony - small deposit
90340136003,2,903401133076,959017,Mina de Nerón,Spain,Depósito mineral,,,antimony,antimony,Sb,small deposit,special and rare metals,no mine,,no,,,,,,ST_Point,-7.05265,37.660988,4326,true,antimony - small deposit
90340139182,3,903401126475,121006,FONTAO FILONES,Spain,Depósito mineral,,,tantalum,Tantalio,Ta,medium sized deposit,special and rare metals,no mine,,no,,,,,,ST_Point,-8.230009,42.755077,4326,true,tantalum - medium sized deposit
90340132395,3,903401130565,859005,Los Rubiales (pozo Santa Ana),Spain,Depósito mineral,,,bismuth,bismuth,Bi,medium sized deposit,special and rare metals,no mine,,no,,,,,,ST_Point,-4.673454,38.484179,4326,true,bismuth - medium sized deposit
90340132417,3,903401130582,859022,"La Ruda, ¿Rafaelita?",Spain,Depósito mineral,,,bismuth,bismuth,Bi,medium sized deposit,special and rare metals,no mine,,no,,,,,,ST_Point,-4.532603,38.447483,4326,true,bismuth - medium sized deposit
90340138267,3,903401134665,1045038,"MINAS UNO DE MAYO, SAN CLAUDIO y otras",Spain,Depósito mineral,,,antimony,antimony,Sb,medium sized deposit,special and rare metals,no mine,,no,,,,,,ST_Point,-2.396908,36.963472,4326,true,antimony - medium sized deposit
90340139180,4,903401126472,121003,FONTAO,Spain,Depósito mineral,,,tantalum,Tantalio,Ta,large deposit,special and rare metals,no mine,,no,,,,,,ST_Point,-8.227564,42.755151,4326,true,tantalum - large deposit
90340139179,4,903401126464,120001,SAN FINX,Spain,Depósito mineral,,,tantalum,Tantalio,Ta,large deposit,special and rare metals,no mine,,no,,,,,,ST_Point,-8.824891,42.751501,4326,true,tantalum - large deposit
90340127673,4,903401127276,228005,PENOUTA Olga,Spain,Depósito mineral,,,tantalum,Tantalio,Ta,large deposit,special and rare metals,no mine,,no,,,,,,ST_Point,-7.019132,42.184804,4326,true,tantalum - large deposit
90340129130,4,903401128295,451003,Mina Bellita y Mina Tita (Grupo minero Bellita).,Spain,Depósito mineral,,,tantalum,Tantalio,Ta,large deposit,special and rare metals,no mine,,no,,,,,,ST_Point,-5.925282,41.00732,4326,true,tantalum - large deposit
90340139178,4,903401125433,69001,GRUPO MINERO SANTA COMBA FILONES,Spain,Depósito mineral,,,tantalum,Tantalio,Ta,large deposit,special and rare metals,no mine,,no,,,,,,ST_Point,-8.818989,43.098189,4326,true,tantalum - large deposit
90340129588,4,903401128638,500010,"Mina ""Inesperada"" (Grupo Minero ""Aurora"")",Spain,Depósito mineral,,,lithium,lithium,Li,large deposit,special and rare metals,no mine,,no,,,,,,ST_Point,-6.73638,40.687531,4326,true,lithium - large deposit
90340129016,4,903401128211,448009,MINA FELI O ALABANCOS,Spain,Depósito mineral,,,lithium,lithium,Li,large deposit,special and rare metals,no mine,,no,,,,,,ST_Point,-6.886493,41.028612,4326,true,lithium - large deposit
90340132403,4,903401130570,859010,"Mina Angelita, mina de El Guita, mina Felicidad",Spain,Depósito mineral,,,bismuth,bismuth,Bi,large deposit,special and rare metals,no mine,,no,,,,,,ST_Point,-4.658194,38.484657,4326,true,bismuth - large deposit
90340132424,4,903401130587,860003,San Sixto o María del Carmen,Spain,Depósito mineral,,,bismuth,bismuth,Bi,large deposit,special and rare metals,no mine,,no,,,,,,ST_Point,-4.502275,38.426104,4326,true,bismuth - large deposit
90340134777,4,903401132268,918016,Mina Sultana,Spain,Depósito mineral,,,bismuth,bismuth,Bi,large deposit,special and rare metals,no mine,,no,,,,,,ST_Point,-6.279045,37.965994,4326,true,bismuth - large deposit
90340133333,4,903401131178,881017,La Espuela de San Miguel,Spain,Depósito mineral,,,bismuth,bismuth,Bi,large deposit,special and rare metals,no mine,,no,,,,,,ST_Point,-4.688829,38.247742,4326,true,bismuth - large deposit
90340127804,4,903401127373,261026,Galineiro,Spain,Depósito mineral,,,beryllium,beryllium,Be,large deposit,special and rare metals,no mine,,no,,,,,,ST_Point,-8.700663,42.135484,4326,true,beryllium - large deposit
90340137938,4,903401134450,1042002,MINA LA NENA,Spain,Depósito mineral,,,antimony,antimony,Sb,large deposit,special and rare metals,no mine,,no,,,,,,ST_Point,-3.365289,36.974813,4326,true,antimony - large deposit
90340127739,4,903401127341,239001,Santa Rufina,Spain,Depósito mineral,,,antimony,antimony,Sb,large deposit,special and rare metals,no mine,,no,,,,,,ST_Point,-3.343313,42.261857,4326,true,antimony - large deposit
90340132730,4,903401130769,863023,Nazarena (Minas Loulik y Santa Ana),Spain,Depósito mineral,,,antimony,antimony,Sb,large deposit,special and rare metals,no mine,,no,,,,,,ST_Point,-3.494281,38.441049,4326,true,antimony - large deposit
90340125479,4,903401125655,79004,MINA ESCARLATI,Spain,Depósito mineral,,,antimony,antimony,Sb,large deposit,special and rare metals,no mine,,no,,,,,,ST_Point,-5.234358,43.07252,4326,true,antimony - large deposit
